grupo_id,ym,demanda
1,2022-05,46
1,2022-06,166
1,2022-07,108
1,2022-08,123
1,2022-09,61
1,2022-10,107
1,2022-11,108
1,2022-12,46
1,2023-01,120
1,2023-02,61
1,2023-03,126
1,2023-04,30
1,2023-05,122
1,2023-06,75
1,2023-07,158
1,2023-08,106
1,2023-09,148
1,2023-10,218
1,2023-11,120
1,2023-12,178
1,2024-01,149
1,2024-02,194
1,2024-03,184
1,2024-04,226
1,2024-05,128
1,2024-06,321
1,2024-07,199
1,2024-08,343
1,2024-09,223
1,2024-10,331
1,2024-11,188
1,2024-12,237
1,2025-01,306
1,2025-02,193
1,2025-03,274
1,2025-04,150
1,2025-05,415
1,2025-06,151
2,2022-05,15
2,2022-06,5
2,2022-07,4
2,2022-08,4
2,2022-09,4
2,2022-10,6
2,2022-11,4
2,2022-12,1
2,2023-02,2
2,2023-05,3
2,2023-07,3
2,2023-09,3
2,2023-11,3
2,2024-01,1
2,2024-08,5
3,2022-05,42
3,2022-06,29
3,2022-07,28
3,2022-08,16
3,2022-09,69
3,2022-10,11
3,2022-11,26
3,2022-12,47
3,2023-01,1
3,2023-02,2
3,2023-03,36
3,2023-04,155
3,2023-05,70
3,2023-06,3
3,2023-07,104
3,2023-08,96
3,2023-09,100
3,2023-10,30
3,2023-11,41
3,2023-12,3
3,2024-01,5
3,2024-02,15
3,2024-03,33
3,2024-04,58
3,2024-05,12
3,2024-06,9
3,2024-07,1
3,2024-08,9
3,2024-09,9
4,2022-05,672
4,2022-06,1253
4,2022-07,1901
4,2022-08,1176
4,2022-09,1177
4,2022-10,1789
4,2022-11,1152
4,2022-12,1261
4,2023-01,998
4,2023-02,1099
4,2023-03,1527
4,2023-04,1348
4,2023-05,1359
4,2023-06,909
4,2023-07,760
4,2023-08,1559
4,2023-09,1517
4,2023-10,1874
4,2023-11,314
4,2023-12,1185
4,2024-01,1519
4,2024-02,393
4,2024-03,1022
4,2024-04,1014
4,2024-05,544
4,2024-06,337
4,2024-07,974
4,2024-08,943
4,2024-09,899
4,2024-10,1068
4,2024-11,1343
4,2024-12,236
4,2025-01,979
4,2025-02,872
4,2025-03,671
4,2025-04,976
4,2025-05,1007
4,2025-06,1327
5,2022-05,39
5,2022-06,14
5,2022-07,81
5,2022-08,16
5,2022-09,7
5,2022-10,9
5,2022-11,7
5,2023-01,7
5,2023-02,7
5,2023-03,30
5,2023-04,9
5,2023-05,7
5,2023-06,32
5,2023-07,59
5,2023-08,53
5,2023-09,8
5,2023-10,34
5,2023-11,61
5,2023-12,20
5,2024-01,90
5,2024-02,41
5,2024-03,88
5,2024-04,99
5,2024-05,87
5,2024-06,79
5,2024-07,94
5,2024-08,79
5,2024-09,79
5,2024-10,95
5,2024-11,47
5,2024-12,21
5,2025-01,26
5,2025-02,51
5,2025-03,73
5,2025-04,111
5,2025-05,97
5,2025-06,165
6,2022-05,4932
6,2022-06,1865
6,2022-07,2492
6,2022-08,12474
6,2022-09,18797
6,2022-10,21597
6,2022-11,21844
6,2022-12,2274
6,2023-01,75
6,2023-02,36
6,2023-03,66
6,2023-04,238
6,2023-05,843
6,2023-06,2005
6,2023-07,3311
6,2023-08,12102
6,2023-09,26235
6,2023-10,15402
6,2023-11,18009
6,2023-12,5703
6,2024-01,45
6,2024-02,11
6,2024-03,159
6,2024-04,255
6,2024-05,503
6,2024-06,476
6,2024-07,2236
6,2024-08,7973
6,2024-09,6327
6,2024-10,13964
6,2024-11,17306
6,2024-12,2976
6,2025-01,98
6,2025-02,602
6,2025-03,1127
6,2025-04,212
6,2025-05,191
6,2025-06,2073
7,2022-05,21
7,2022-06,1
7,2022-07,25
7,2022-08,91
7,2022-09,98
7,2022-10,63
7,2022-11,103
7,2022-12,67
7,2023-01,437
7,2023-02,274
7,2023-03,245
7,2023-04,176
7,2023-05,84
7,2023-06,16
7,2023-07,34
7,2023-08,266
7,2023-09,155
7,2023-10,216
7,2023-11,471
7,2023-12,925
7,2024-01,985
7,2024-02,226
7,2024-03,432
7,2024-04,80
7,2024-05,30
7,2024-06,43
7,2024-07,149
7,2024-08,157
7,2024-09,525
7,2024-10,72
7,2024-11,160
7,2024-12,475
7,2025-01,652
7,2025-02,476
7,2025-03,-47
7,2025-04,61
7,2025-05,42
7,2025-06,70
8,2022-05,20
8,2022-06,32
8,2022-07,6
8,2022-08,69
8,2022-09,18
8,2022-10,8
8,2022-11,45
8,2022-12,1
8,2023-02,19
8,2023-03,23
8,2023-04,5
8,2023-05,12
8,2023-06,7
8,2023-07,16
8,2023-08,30
8,2023-09,7
8,2023-10,16
8,2023-11,18
8,2023-12,13
8,2024-01,22
8,2024-02,4
8,2024-03,20
8,2024-04,12
8,2024-05,33
8,2024-06,13
8,2024-07,40
8,2024-08,13
8,2024-09,13
8,2024-10,12
8,2024-11,8
8,2024-12,8
8,2025-01,5
8,2025-02,33
8,2025-03,34
8,2025-04,18
8,2025-05,25
8,2025-06,13
9,2022-05,97
9,2022-06,78
9,2022-07,63
9,2022-08,77
9,2022-09,49
9,2022-10,12
9,2022-11,16
9,2022-12,15
9,2023-01,40
9,2023-02,34
9,2023-03,33
9,2023-04,12
9,2023-05,10
9,2023-06,29
9,2023-07,10
9,2023-08,32
9,2023-09,11
9,2023-10,34
9,2023-11,20
9,2023-12,4
9,2024-01,31
9,2024-02,9
9,2024-03,10
9,2024-05,5
9,2024-08,19
9,2024-09,3
9,2024-10,2
9,2024-12,1
9,2025-01,3
9,2025-02,2
9,2025-03,7
9,2025-06,10
10,2022-05,2
10,2022-06,4
10,2022-07,1
10,2022-08,2
10,2023-03,12
10,2023-04,3
10,2024-06,4
10,2024-07,2
11,2022-05,2519
11,2022-06,3732
11,2022-07,2698
11,2022-08,3287
11,2022-09,2488
11,2022-10,2582
11,2022-11,3040
11,2022-12,2304
11,2023-01,2139
11,2023-02,1609
11,2023-03,2792
11,2023-04,2758
11,2023-05,3259
11,2023-06,2545
11,2023-07,5101
11,2023-08,3903
11,2023-09,2977
11,2023-10,3617
11,2023-11,2745
11,2023-12,2457
11,2024-01,2789
11,2024-02,2746
11,2024-03,2299
11,2024-04,3271
11,2024-05,2836
11,2024-06,2160
11,2024-07,4887
11,2024-08,4780
11,2024-09,3075
11,2024-10,5282
11,2024-11,4861.5
11,2024-12,3504
11,2025-01,3095
11,2025-02,3252
11,2025-03,3663
11,2025-04,4064
11,2025-05,5514
11,2025-06,3514
12,2022-05,141
12,2022-06,222
12,2022-07,251
12,2022-08,204
12,2022-09,227
12,2022-10,287
12,2022-11,255
12,2022-12,342
12,2023-01,129
12,2023-02,124
12,2023-03,209
12,2023-04,136
12,2023-05,249
12,2023-06,273
12,2023-07,221
12,2023-08,162
12,2023-09,216
12,2023-10,217
12,2023-11,263
12,2023-12,188
12,2024-01,110
12,2024-02,202
12,2024-03,245
12,2024-04,226
12,2024-05,280
12,2024-06,207
12,2024-07,219
12,2024-08,220
12,2024-09,156
12,2024-10,242
12,2024-11,209
12,2024-12,161
12,2025-01,183
12,2025-02,195
12,2025-03,126
12,2025-04,171
12,2025-05,246
12,2025-06,104
13,2022-05,81
13,2022-06,104
13,2022-07,114
13,2022-08,119
13,2022-09,118
13,2022-10,170
13,2022-11,97
13,2022-12,58
13,2023-01,65
13,2023-02,115
13,2023-03,169
13,2023-04,204
13,2023-05,89
13,2023-06,34
13,2023-07,231
13,2023-08,318
13,2023-09,190
13,2023-10,154
13,2023-11,253
13,2023-12,162
13,2024-01,145
13,2024-02,222
13,2024-03,266
13,2024-04,167
13,2024-05,292
13,2024-06,275
13,2024-07,184
13,2024-08,188.5
13,2024-09,153
13,2024-10,171
13,2024-11,181.75
13,2024-12,58
13,2025-01,108
13,2025-02,184
13,2025-03,123
13,2025-04,139
13,2025-05,183
13,2025-06,158
14,2022-05,2988
14,2022-06,3671
14,2022-07,2922
14,2022-08,3756
14,2022-09,4924
14,2022-10,3110
14,2022-11,2310
14,2022-12,3751
14,2023-01,1996
14,2023-02,2978
14,2023-03,3164
14,2023-04,2722
14,2023-05,3431
14,2023-06,3266
14,2023-07,3265
14,2023-08,2891
14,2023-09,2002
14,2023-10,3767
14,2023-11,3445
14,2023-12,2525
14,2024-01,2721
14,2024-02,2873
14,2024-03,2355
14,2024-04,3373
14,2024-05,3817
14,2024-06,3052
14,2024-07,3360
14,2024-08,2899
14,2024-09,3283
14,2024-10,2499
14,2024-11,4455
14,2024-12,2959
14,2025-01,1711
14,2025-02,2278
14,2025-03,3458
14,2025-04,3434
14,2025-05,3179
14,2025-06,2315
15,2022-05,422
15,2022-06,294
15,2022-07,245
15,2022-08,1253
15,2022-09,1596
15,2022-10,2302
15,2022-11,2230
15,2022-12,543
15,2023-01,411
15,2023-02,446
15,2023-03,587
15,2023-04,423
15,2023-05,643
15,2023-06,615
15,2023-07,423
15,2023-08,745
15,2023-09,445
15,2023-10,1175
15,2023-11,863
15,2023-12,620
15,2024-01,393
15,2024-02,344
15,2024-03,356
15,2024-04,520
15,2024-05,740
15,2024-06,172
15,2024-07,522
15,2024-08,1381
15,2024-09,2639
15,2024-10,1796
15,2024-11,1082
15,2024-12,439
15,2025-01,387
15,2025-02,640
15,2025-03,539
15,2025-04,737
15,2025-05,670
15,2025-06,653
16,2022-05,1097
16,2022-06,818
16,2022-07,561
16,2022-08,903
16,2022-09,590
16,2022-10,828
16,2022-11,754
16,2022-12,504
16,2023-01,370
16,2023-02,358
16,2023-03,674
16,2023-04,477
16,2023-05,785
16,2023-06,289
16,2023-07,500
16,2023-08,537
16,2023-09,256
16,2023-10,418
16,2023-11,480
16,2023-12,670
16,2024-01,206
16,2024-02,590
16,2024-03,125
16,2024-04,644
16,2024-05,685
16,2024-06,976
16,2024-07,825
16,2024-08,653
16,2024-09,638
16,2024-10,455
16,2024-11,501
16,2024-12,454
16,2025-01,215
16,2025-02,568
16,2025-03,346
16,2025-04,508
16,2025-05,438.4
16,2025-06,540.3
17,2022-05,129
17,2022-06,222
17,2022-07,99
17,2022-08,65
17,2022-09,92
17,2022-10,140
17,2022-11,87
17,2022-12,68
17,2023-01,50
17,2023-02,68
17,2023-03,81
17,2023-04,205
17,2023-05,184
17,2023-06,14
17,2023-07,51
17,2023-08,59
17,2023-09,26
17,2023-10,64
17,2023-11,74
17,2023-12,39
17,2024-01,41
17,2024-02,42
17,2024-03,32
17,2024-04,27
17,2024-05,8
17,2024-06,15
17,2024-07,22
17,2024-08,22
17,2024-09,7
17,2024-10,3
18,2022-05,4
18,2022-06,11
18,2022-07,10
18,2022-08,10
18,2022-09,5
18,2022-10,9
18,2022-11,21
18,2022-12,12
18,2023-01,15
18,2023-02,7
18,2023-03,7
18,2023-04,10
18,2023-05,19
18,2023-06,20
18,2023-07,7
18,2023-08,8
18,2023-09,15
18,2023-10,10
18,2023-11,7
18,2023-12,7
18,2024-01,10
18,2024-02,4
18,2024-03,13
18,2024-04,14
18,2024-05,6
18,2024-06,5
18,2024-07,15
18,2024-08,6
18,2024-09,17
18,2024-10,15
18,2024-11,9
18,2024-12,1
18,2025-01,3
18,2025-02,11
18,2025-03,2
18,2025-04,9
18,2025-05,12
18,2025-06,14
19,2022-10,2
19,2022-11,45
19,2022-12,9
19,2023-01,6
19,2023-02,15
19,2023-03,26
19,2023-04,30
19,2023-05,36
19,2023-06,61
19,2023-07,34
19,2023-08,121
19,2023-09,67
19,2023-10,56
19,2023-11,79
19,2023-12,48
19,2024-01,13
19,2024-02,16
19,2024-03,59
19,2024-04,11
20,2023-06,5
20,2023-07,3
20,2023-08,5
20,2024-05,70
20,2024-06,26
20,2024-07,42
20,2024-08,5
20,2024-09,4
20,2024-10,1
20,2024-11,2
20,2025-01,2
20,2025-02,3
20,2025-03,2
20,2025-06,0
21,2024-07,31
21,2024-08,4
21,2024-09,7
21,2024-10,5
21,2024-11,9
21,2024-12,8
21,2025-01,7
21,2025-02,3
21,2025-03,12
21,2025-04,24
21,2025-05,14
21,2025-06,20
22,2024-09,23
22,2024-10,156
22,2024-11,20
