producto_codigo,activo
CAPMG0804,1
CHODETR01,1
CHODETR04,1
CHODETR13,1
CHODETR14,1
CHODETR03,1
CHODETR07,1
CHODETR02,1
CHODETR08,1
CHODETR15,1
CHOFYBA01,1
CHOFYBA03,1
CHOFYBA04,1
CHOFYBA05,1
CHOFYBA06,1
CHOPRBA03,1
CHOPRMO02,1
CHOPRMO03,1
CHOPRBA02,1
CHOPRMO01,1
CHOPTBA02,1
CHOPTSA02,1
CHOPTSA03,1
CHOPTBA03,1
CHOPTSA04,1
FRTCRCC01,1
FRTFCCC01,1
FRTNADL01,1
FRTFCCC03,1
FRTFCSC01,1
FRTFCCC02,1
FRTFCCC06,1
FRTFCCC07,1
FRTFCCC04,1
FRTFCCC05,1
FRTNADL02,1
FRTFCCC08,1
HELCNES02,1
HELCNMX01,1
HELCNMX02,1
HELCNES03,1
HELCNES01,1
HELCNBA01,1
HELCNOB01,1
MOLQQ1901,1
MOLTT2202,1
MOLES2001,1
PASACMG01,1
PASDEAA01,1
PASDEAA02,1
PASDEAG01,1
PASDEAG02,1
PASDEAG03,1
PASDEAG04,1
PASDEAG05,1
PASDECC01,1
PASDECC03,1
PASDECE03,1
PASDECE04,1
PASDECE05,1
PASDECE06,1
PASDECH02,1
PASDECH03,1
PASDECR01,1
PASDEFG01,1
PASDEFG02,1
PASDEFG05,1
PASDEFG07,1
PASDEFG08,0
PASDEFG10,0
PASDEFG13,1
PASDEFG14,1
PASDEFG15,1
PASDEFG17,1
PASDEFG18,1
PASDEFG20,1
PASDEFG22,1
PASDEFG23,1
PASDEFG24,1
PASDEGG01,1
PASDEGG03,1
PASDEGG04,1
PASDEGG05,0
PASDEGG06,1
PASDEGG07,1
PASDEGG08,1
PASDEGR02,1
PASDEGR03,1
PASDEGR04,1
PASDEGR05,1
PASDEGR07,1
PASDEGR08,1
PASDEGR22,1
PASDEGR24,0
PASDEGR25,1
PASDEAC01,1
PASDEFG12,1
PASDEFG16,1
PASDEGR10,1
PASDEGR21,0
PASDEGR28,0
PASDEFG06,1
PASDEFG25,1
PASDEFG26,1
PASDEFG29,1
PASDEFG47,1
PASDEFG48,1
PASDEGR11,1
PASDEGR30,1
PASDECE07,1
PASDEGR12,0
PASDEGR29,1
PASDEGR31,1
PASDEGR06,1
PASDECE08,1
PASDECC04,0
PASDEGR33,0
PASDEGR34,1
PASDEGR35,1
PASDEGR37,1
PASDEGR38,1
PASDEGR39,1
PASDEGR40,1
PASDEGR42,1
PASDEGR43,1
PASDECE09,1
PASDEGR45,1
PASDEGR46,1
PASDEGR47,0
PASDEGR48,1
PASDEGR49,1
PASDEGR50,1
PASDEGR51,1
PASDEGR52,1
PASDEGR53,1
PASDEGR54,1
PASDEGR55,1
PASDEGR57,1
PASDEGR58,1
PASDEGR59,1
PASDEGR61,1
PASDEGR62,1
PASDEGR56,1
PASDEGR60,1
PASDEGR63,1
PASDEGR64,1
PASDEGR65,1
PASDESP01,1
PASDESP02,1
PASDESP03,1
PASDESP04,1
PASDESP05,1
PASDESP06,1
PASDESP07,1
PASDESP08,1
PASDESP09,1
PASDESP10,1
PASDESP11,1
PASDESP12,1
PASDESP13,1
PASDESP14,1
PASDESP15,1
PASDESP16,1
PASDESP17,1
PASDESP18,1
PASDEAC02,1
PASDEAC03,1
PASDEAC04,1
PASDEAC05,1
PASDEAC06,1
PASDEAC07,1
PASDEAC08,1
PASDEAC09,1
PASDEFD04,1
PASDEFD05,1
PASDEFD06,1
PASDEFD07,1
PASDEFD08,1
PASDEFD09,1
PASDEFG49,1
PASDEGA01,1
PASDEGG09,1
PASDEGG10,1
PASDEGG11,1
PASDEGG12,1
PASDEGG13,1
PASDEGG14,1
PASDEGR66,1
PASDEGR67,1
PASDEGR68,1
PASDESP19,1
PASDESP20,1
PASDESP21,1
PASDESP22,1
PASDESP23,1
PASDESP24,1
PASDESP25,1
PASDESP26,1
PASDESP27,1
PASDESP28,1
PASDESP29,1
PASDESP30,1
PASDESP31,1
PASDESP32,1
PASDESP33,1
PASDESP34,1
PASDESP35,1
PASDESP36,1
PASDESP37,1
PASDESP38,1
PASDESP39,1
PASDESP40,1
PASDESP41,1
PASDESP42,1
PASDESP43,1
PASDESP44,1
PASDESP45,1
PASDESP47,1
PASDESP48,1
PASDESP49,1
PASDESP50,1
PASDESP52,1
PASDESP53,1
PASDESP55,1
PASDECE10,1
PASDECH04,1
PASDEFG56,1
PASDESP54,1
PASDEFG50,1
PASDEFG51,1
PASDEFG52,1
PASDEFG53,1
PASDEFG54,1
PASDEFG55,1
PASDESP46,1
PASDESP56,1
PASDESP57,1
PASDESP58,1
PASDESP59,1
PASDESP60,1
PASDESP61,1
PASDESP62,1
PASDESP63,1
PASDESP64,1
PASDESP65,1
PASDESP66,1
PASDESP67,1
PASDESP68,1
PASDESP69,1
PASDESP70,1
PASDEBR02,1
PASDEBR03,1
PASDEGL06,1
PASDEGL14,1
PASRECH01,1
PASDEBR01,1
PASDEGL01,1
PASDEGL05,0
PASDEGL13,1
PASDEGL04,1
PASDEGL15,1
PASDEGL16,1
PASDEBR04,1
PASDEGR23,1
PASDEGR26,1
PASRECB02,1
PASRECP01,1
PASDEGR27,1
PASDEGR32,1
PASDEGR70,1
PASDLEC01,1
PASDLHE01,1
PASDLPR02,1
PASDLPR04,1
PASDLPR05,1
PASDLPR06,1
PASDLPR07,1
PASDLPR08,0
PASMEHO02,1
PASMEHO03,1
PASMEHO05,1
PASMEHO06,1
PASMEHO07,1
PASMEHO08,1
PASMEHO09,1
PASMEHO10,1
PASMEMG01,0
PASMEMG09,1
PASMERP02,1
PASMERP03,1
PASMERP04,1
PASMERP05,1
PASMERP06,0
PASMEHO11,1
PASMEMG05,1
PASMEMG07,1
PASMEMG08,0
PASMEMG10,1
PASMEMG11,1
PASMEMG02,1
PASMEMG03,0
PASMEHO04,1
PASMEHO13,1
PASMEHO12,1
PASNUVA01,1
PASPMBR02,1
PASPMCH02,1
PASPMDT01,0
PASPMRV02,1
PASPMVA02,1
PASPMVA04,1
PASPMZH02,0
PASPMVA05,1
PASPMCH04,1
PASPMZH03,1
PASPMBR03,1
PASPMBR04,1
PASPMRV04,1
PASPMRV03,1
PASPMDT02,1
PASPMMG01,1
PASPMVA06,1
PASPMZH04,1
PASPACL01,1
PASPACL02,1
PASPATR02,0
PASPOFD03,1
PASPOFD04,1
PASPOFD01,1
PASPOFD02,1
PASPOFD05,1
PASDOCO01,1
MOLES2002,1
DESHESP01,1
DESHESP02,1
DESHESP03,1
MOLPP1504,1
MOLPP1604,1
MOLPP1801,1
OTROS0105,1
OTROS0103,1
